SNP,CHR,BP,Start Region,End Region,Start Region 2,End Region 2,Nearest Gene,Ensembl ID,QTL Nominated Gene (nearest QTL),Effect allele,Other allele,Effect allele frequency,"Beta, all studies","SE, all studies","P, all studies","P, COJO, all studies","P, random effects, all studies","P, Conditional 23AndMe only","P, 23AndMe only","I2, all studies","Freq1, previous studies","Beta, previous studies","StdErr, previous studies","P, previous studies","I2, previous studies","Freq1, new studies","Beta, new studies","StdErr, new studies","P, new studies","I2, new studies",Passes pooled 23andMe QC,Known GWAS locus within 1MB,Failed final filtering and QC,Locus within 250KB,Locus Number
rs114138760,1,154898185,154798185,154998185,154648185,155148185,PMVK,ENSG00000163344,,c,g,0.0112,0.2812,0.0478,4.19E-09,1.09E-08,1.70E-06,2.04E-03,4.69E-03,11.6,0.0114,0.3199,0.0581,3.71E-08,63.7,0.0109,0.1997,0.0843,1.78E-02,0,T,1,0,1,1
rs35749011,1,155135036,155035036,155235036,154885036,155385036,KRTCAP2,ENSG00000163463,,a,g,0.0169,0.6068,0.0342,1.72E-70,3.82E-77,4.48E-66,6.42E-22,3.28E-28,1.8,0.0165,0.5742,0.0411,2.62E-44,8.5,0.0177,0.6798,0.0615,2.16E-28,0,T,1,0,1,1
rs76763715,1,155205634,155105634,155305634,154955634,155455634,GBAP1,ENSG00000160766,GBAP1,t,c,0.9953,-0.7467,0.0765,1.59E-22,9.90E-23,1.59E-22,1.19E-37,1.95E-31,0,0.996,-0.7908,0.0958,1.53E-16,8,0.9941,-0.6693,0.1269,1.34E-07,0,F,1,0,1,1
rs6658353,1,161469054,161369054,161569054,161219054,161719054,FCGR2A,ENSG00000143226,FCGR2A,c,g,0.5011,0.065,0.0094,6.10E-12,4.69E-12,3.71E-05,1.38E-05,1.48E-05,40.2,0.497,0.0644,0.0113,1.29E-08,19.6,0.5105,0.0662,0.0171,1.10E-04,46.4,T,0,0,0,2
rs11578699,1,171719769,171619769,171819769,171469769,171969769,VAMP4,ENSG00000117533,VAMP4,t,c,0.1949,-0.0704,0.012,4.47E-09,4.45E-09,1.09E-07,2.63E-03,2.82E-03,5.1,0.195,-0.072,0.0142,3.74E-07,0,0.1947,-0.0663,0.0226,3.31E-03,13.4,T,0,0,0,3
rs823118,1,205723572,205623572,205823572,205473572,205973572,NUCKS1,ENSG00000069275,NUCKS1,t,c,0.566,0.1066,0.0094,1.11E-29,3.03E-17,1.11E-29,1.06E-08,2.03E-14,0,0.5654,0.1162,0.0113,5.58E-25,0,0.5674,0.0842,0.0172,1.02E-06,0,T,1,0,1,4
rs11557080,1,205737739,205637739,205837739,205487739,205987739,RAB29,ENSG00000117280,RAB29,a,g,0.1389,0.1315,0.0135,2.50E-22,8.66E-10,1.09E-07,1.80E-05,2.37E-11,38.4,0.1401,0.153,0.0162,2.99E-21,13.8,0.1361,0.0813,0.0247,1.02E-03,26.8,T,1,0,1,4
rs4653767,1,226916078,226816078,227016078,226666078,227166078,ITPKB,ENSG00000143772,ITPKB,t,c,0.7196,0.0833,0.0104,1.38E-15,1.15E-15,1.38E-15,5.45E-10,8.21E-10,0,0.7208,0.0849,0.0125,1.00E-11,0,0.7168,0.0794,0.019,2.82E-05,0,T,1,0,0,5
rs10797576,1,232664611,232564611,232764611,232414611,232914611,SIPA1L2,ENSG00000116991,,t,c,0.1403,0.1114,0.0133,6.84E-17,5.49E-17,7.60E-14,1.28E-07,1.14E-07,5.5,0.1423,0.1142,0.0158,5.78E-13,0,0.1354,0.1048,0.0248,2.33E-05,16.5,T,1,0,0,6
rs76116224,2,18147848,18047848,18247848,17897848,18397848,KCNS3,ENSG00000170745,,a,t,0.9042,0.1104,0.0194,1.27E-08,1.27E-08,1.27E-08,3.75E-07,2.76E-07,0,0.9019,0.086,0.0241,3.57E-04,0,0.9084,0.155,0.0327,2.07E-06,0,T,0,0,0,7
rs2042477,2,96000943,95900943,96100943,95750943,96250943,KCNIP3,ENSG00000115041,KCNIP3,a,t,0.2422,-0.0657,0.0116,1.38E-08,1.48E-08,1.38E-08,3.49E-05,2.90E-05,0,0.2438,-0.0656,0.0141,3.07E-06,0,0.2387,-0.0659,0.0204,1.23E-03,0,T,0,0,0,8
rs11683001,2,102396963,102296963,102496963,102146963,102646963,MAP4K4,ENSG00000071054,MAP4K4,a,t,0.337,0.0705,0.0098,8.04E-13,6.30E-13,8.04E-13,4.07E-05,3.45E-05,0,0.3392,0.0779,0.0118,3.51E-11,0,0.3318,0.0532,0.018,3.15E-03,0,T,1,0,0,9
rs57891859,2,135464616,135364616,135564616,135214616,135714616,TMEM163,ENSG00000152128,TMEM163,a,g,0.7185,0.0807,0.0107,4.55E-14,5.59E-20,7.92E-09,3.36E-08,1.12E-04,23.1,0.7189,0.0778,0.0129,1.47E-09,0,0.7176,0.0873,0.0193,5.93E-06,34.4,T,1,0,0,10
rs1474055,2,169110394,169010394,169210394,168860394,169360394,STK39,ENSG00000198648,STK39,t,c,0.1312,0.1796,0.0137,2.54E-39,2.93E-39,2.54E-39,2.99E-17,5.46E-17,0,0.1313,0.1891,0.0164,1.22E-30,0,0.131,0.1581,0.0248,1.68E-10,0,T,1,0,0,11
rs73038319,3,18361759,18261759,18461759,18111759,18611759,SATB1,ENSG00000182568,SATB1,a,c,0.9592,-0.1693,0.0235,5.94E-13,5.84E-13,5.94E-13,1.94E-04,2.35E-04,0,0.9586,-0.1738,0.0278,4.05E-10,0,0.9607,-0.1578,0.044,3.33E-04,7.7,T,1,0,0,12
rs6808178,3,28705690,28605690,28805690,28455690,28955690,LINC00693,NA,,t,c,0.3794,0.0658,0.0096,8.09E-12,7.18E-12,8.09E-12,8.84E-05,1.09E-04,0,0.3786,0.0591,0.0115,2.86E-07,29.9,0.3813,0.0814,0.0175,3.48E-06,0,T,0,0,0,13
rs12497850,3,48748989,48648989,48848989,48498989,48998989,IP6K2,ENSG00000068745,IP6K2,t,g,0.6476,0.0636,0.0099,1.36E-10,1.33E-10,1.36E-10,7.34E-07,8.27E-07,0,0.6465,0.0683,0.0119,9.83E-09,0,0.6501,0.0531,0.0179,2.95E-03,3.3,T,1,0,0,14
rs55961674,3,122196892,122096892,122296892,121946892,122446892,KPNA1,ENSG00000114030,KPNA1,t,c,0.1722,0.0861,0.0126,9.98E-12,8.30E-12,9.98E-12,2.80E-06,3.04E-06,0,0.1723,0.0842,0.0152,2.77E-08,0,0.172,0.0903,0.0229,8.16E-05,0,T,0,0,0,15
rs11707416,3,151108965,151008965,151208965,150858965,151358965,MED12L,ENSG00000144893,,a,t,0.3672,-0.0627,0.0097,1.13E-10,1.02E-10,1.77E-07,2.66E-04,2.63E-04,10.9,0.3653,-0.0772,0.0117,3.61E-11,39.1,0.3717,-0.0296,0.0176,9.19E-02,0,T,0,0,0,16
rs1450522,3,161077630,160977630,161177630,160827630,161327630,SPTSSB,ENSG00000196542,NMD3,a,g,0.6742,-0.0616,0.0099,5.01E-10,4.90E-10,2.27E-05,3.51E-04,3.69E-04,24.6,0.6727,-0.0611,0.0118,2.40E-07,0,0.6777,-0.0627,0.0181,5.34E-04,33.5,T,0,0,0,17
rs10513789,3,182760073,182660073,182860073,182510073,183010073,MCCC1,ENSG00000078070,MCCC1,t,g,0.8112,0.1485,0.0121,1.22E-34,1.28E-34,2.33E-14,5.88E-18,2.05E-18,33.9,0.81,0.1628,0.0145,2.38E-29,0,0.814,0.1153,0.022,1.61E-07,36.8,T,1,0,0,18
rs873786,4,925376,825376,1025376,675376,1175376,GAK,ENSG00000178950,GAK,t,c,0.0988,-0.1731,0.0182,1.79E-21,1.72E-15,1.42E-07,1.12E-08,1.42E-12,55.7,0.0963,-0.1693,0.0235,5.82E-13,91.3,0.1025,-0.1788,0.0287,4.89E-10,0,T,1,0,1,19
rs34311866,4,951947,851947,1051947,701947,1201947,TMEM175,ENSG00000127419,TMEM175,t,c,0.8065,-0.2126,0.012,9.98E-70,2.57E-64,5.73E-25,1.17E-26,2.68E-30,43.3,0.8043,-0.207,0.0146,7.37E-46,70.2,0.8112,-0.2247,0.0214,1.00E-25,38.2,T,1,0,1,19
rs4698412,4,15737348,15637348,15837348,15487348,15987348,BST1,ENSG00000109743,BST1,a,g,0.5529,0.1035,0.0094,2.06E-28,9.73E-36,1.68E-19,1.05E-07,1.15E-07,13.9,0.5547,0.1023,0.0112,7.32E-20,49.3,0.5485,0.1062,0.017,4.16E-10,10.9,T,1,0,0,20
rs34025766,4,17968811,17868811,18068811,17718811,18218811,LCORL,ENSG00000178177,DCAF16,a,t,0.1589,-0.0839,0.0133,2.87E-10,2.82E-10,2.87E-10,7.43E-06,3.55E-06,0,0.1575,-0.0724,0.0162,7.42E-06,52.7,0.162,-0.1082,0.0235,4.02E-06,0,T,0,0,0,21
rs6825004,4,77110365,77010365,77210365,76860365,77360365,SCARB2,ENSG00000138760,SCARB2,c,g,0.6912,0.0622,0.0102,1.17E-09,9.56E-09,1.17E-04,2.59E-06,3.38E-07,23.2,0.6914,0.0736,0.0123,2.25E-09,0,0.6908,0.0369,0.0184,4.49E-02,22.2,T,1,0,1,22
rs4101061,4,77147969,77047969,77247969,76897969,77397969,FAM47E,ENSG00000189157 ,FAM47E,a,g,0.7107,-0.0912,0.0102,4.97E-19,2.11E-16,1.05E-09,1.81E-09,6.88E-11,30.7,0.7077,-0.0839,0.0122,6.12E-12,33.6,0.7179,-0.1085,0.0188,7.68E-09,31.1,T,1,0,1,22
rs6854006,4,77198054,77098054,77298054,76948054,77448054,FAM47E-STBD1,ENSG00000272414 ,FAM47E,t,c,0.3632,-0.0912,0.0097,5.82E-21,4.13E-14,1.14E-09,1.22E-08,1.80E-13,37.7,0.3615,-0.0838,0.0116,5.97E-13,66.8,0.367,-0.1084,0.0176,8.12E-10,28.9,T,1,0,1,22
rs356182,4,90626111,90526111,90726111,90376111,90876111,SNCA,ENSG00000145335,SNCA,a,g,0.6278,-0.2774,0.0105,3.89E-154,1.79E-25,6.83E-80,5.52E-15,6.15E-89,20.2,0.6243,-0.2866,0.0124,1.23E-117,21.2,0.6365,-0.2547,0.0195,8.53E-39,16.5,T,1,0,1,23
rs5019538,4,90636630,90536630,90736630,90386630,90886630,SNCA,ENSG00000145335,SNCA,a,g,0.6792,-0.1565,0.0124,1.13E-36,3.32E-10,1.46E-24,2.95E-08,2.80E-35,15,0.6718,-0.1653,0.0168,9.25E-23,16.5,0.6878,-0.1461,0.0182,1.14E-15,18,T,1,0,1,23
rs13117519,4,114369065,114269065,114469065,114119065,114619065,CAMK2D,ENSG00000145349,CAMK2D,t,c,0.1744,0.0875,0.0123,9.82E-13,1.13E-12,9.82E-13,3.27E-08,6.13E-08,0,0.1747,0.0914,0.0146,4.23E-10,0,0.1736,0.0783,0.0225,5.01E-04,0,T,1,0,0,24
rs62333164,4,170583157,170483157,170683157,170333157,170833157,CLCN3,ENSG00000109572,NEK1,a,g,0.3264,-0.0638,0.01,2.00E-10,1.77E-10,2.17E-05,5.10E-05,5.39E-05,21.3,0.3252,-0.0743,0.012,6.13E-10,41.5,0.3293,-0.0396,0.0182,3.00E-02,9.6,T,0,0,0,25
rs1867598,5,60137959,60037959,60237959,59887959,60387959,ELOVL7,ENSG00000164181,ELOVL7,a,g,0.9019,-0.1554,0.0156,2.52E-23,2.25E-23,2.52E-23,9.83E-11,1.75E-10,0,0.9016,-0.1447,0.0187,1.12E-14,0,0.9027,-0.1797,0.0283,2.08E-10,0,T,1,0,0,26
rs26431,5,102365794,102265794,102465794,102115794,102615794,PAM,ENSG00000145730,PAM,c,g,0.7025,0.0621,0.0103,1.57E-09,1.65E-09,2.36E-07,6.00E-03,5.94E-03,7.9,0.7047,0.0691,0.0124,2.36E-08,0,0.6975,0.0465,0.0185,1.20E-02,16.8,T,0,0,0,27
rs11950533,5,134199105,134099105,134299105,133949105,134449105,C5orf24,ENSG00000181904,TXNDC15,a,c,0.102,-0.0916,0.0158,7.16E-09,6.73E-09,2.68E-08,5.08E-04,4.22E-04,1.9,0.1008,-0.0986,0.019,2.05E-07,43.8,0.1048,-0.0756,0.0287,8.39E-03,0,T,0,0,0,28
rs4140646,6,27738801,27638801,27838801,27488801,27988801,LOC100131289,NA,TXNDC15,a,g,0.2081,0.0833,0.0121,5.62E-12,5.81E-12,5.62E-12,5.66E-08,2.68E-08,0,0.2037,0.095,0.0145,5.88E-11,0,0.2181,0.0568,0.0219,9.61E-03,0,T,1,0,0,29
rs9261484,6,30108683,30008683,30208683,29858683,30358683,TRIM40,ENSG00000204614,TRIM40,t,c,0.2451,-0.0635,0.0112,1.62E-08,1.43E-08,1.62E-08,1.26E-06,1.14E-08,0,0.2446,-0.0571,0.0132,1.54E-05,0,0.2463,-0.08,0.0214,1.79E-04,0,T,0,0,0,30
rs112485576,6,32578772,32478772,32678772,32328772,32828772,HLA-DRB5,ENSG00000198502,HLA-DRB5,a,c,0.163,-0.1676,0.0153,6.96E-28,3.83E-25,1.23E-17,6.62E-11,2.09E-16,18.3,0.1641,-0.16,0.0189,3.05E-17,63.5,0.1611,-0.1817,0.026,2.62E-12,3.4,F,1,0,0,31
rs12528068,6,72487762,72387762,72587762,72237762,72737762,RIMS1,ENSG00000079841 ,,t,c,0.2844,0.0657,0.0103,1.63E-10,1.79E-10,1.63E-10,9.80E-06,1.45E-05,0,0.2844,0.0599,0.0123,1.14E-06,0,0.2843,0.0791,0.0187,2.30E-05,0,T,0,0,0,32
rs997368,6,112243291,112143291,112343291,111993291,112493291,FYN,ENSG00000010810,,a,g,0.8049,0.0714,0.0119,1.84E-09,1.97E-09,1.84E-09,2.61E-05,1.91E-05,0,0.8053,0.078,0.0142,4.01E-08,0,0.8038,0.056,0.0216,9.59E-03,0,T,0,0,0,33
rs75859381,6,133210361,133110361,133310361,132960361,133460361,RPS12,ENSG00000112306,,t,c,0.9673,-0.2207,0.0341,1.04E-10,9.67E-11,1.04E-10,1.09E-06,1.62E-06,0,0.9658,-0.2064,0.0433,1.91E-06,0,0.9698,-0.2439,0.0554,1.09E-05,0,T,0,0,0,34
rs199351,7,23300049,23200049,23400049,23050049,23550049,GPNMB,ENSG00000136235,GPNMB,a,c,0.5939,0.1016,0.0096,5.25E-26,3.57E-26,5.25E-26,2.51E-14,2.11E-14,0,0.596,0.0987,0.0116,1.36E-17,0,0.589,0.1083,0.0175,5.37E-10,0,T,1,0,0,35
rs76949143,7,66009851,65909851,66109851,65759851,66259851,GS1-124K5.11,NA,LINC00174,a,t,0.0507,-0.1432,0.0253,1.43E-08,1.51E-08,2.04E-06,5.47E-09,2.24E-09,12.3,0.0484,-0.1395,0.0313,8.45E-06,75,0.0549,-0.1501,0.0427,4.39E-04,0,T,0,0,0,36
rs1293298,8,11712443,11612443,11812443,11462443,11962443,CTSB,ENSG00000164733,CTSB,a,c,0.7444,0.093,0.0114,3.99E-16,3.41E-16,3.99E-16,2.36E-10,2.22E-10,0,0.744,0.0909,0.0137,3.45E-11,0,0.7452,0.0979,0.0207,2.19E-06,0,T,1,0,0,37
rs620513,8,16697593,16597593,16797593,16447593,16947593,FGF20,ENSG00000078579 ,,t,g,0.2682,-0.0856,0.0108,2.72E-15,2.27E-15,1.00E-07,2.73E-05,2.97E-05,34.2,0.2669,-0.0876,0.013,1.89E-11,0,0.2712,-0.0813,0.0195,2.95E-05,45.2,T,1,0,0,38
rs2280104,8,22525980,22425980,22625980,22275980,22775980,BIN3,ENSG00000147439,BIN3,t,c,0.3604,0.0556,0.0098,1.16E-08,1.40E-08,1.86E-06,4.35E-02,4.94E-02,8.9,0.3595,0.0647,0.0117,3.23E-08,15,0.3626,0.035,0.0177,4.72E-02,1.9,T,1,0,0,39
rs2086641,8,130901909,130801909,131001909,130651909,131151909,FAM49B,ENSG00000153310,,t,c,0.7225,-0.0605,0.0107,1.81E-08,1.57E-08,1.81E-08,6.07E-06,6.57E-06,0,0.7218,-0.0612,0.0129,2.26E-06,24.2,0.7239,-0.0591,0.0193,2.25E-03,0,T,0,0,0,40
rs13294100,9,17579690,17479690,17679690,17329690,17829690,SH3GL2,ENSG00000107295,SH3GL2,t,g,0.3422,-0.0859,0.01,8.72E-18,4.27E-15,8.72E-18,1.44E-06,1.16E-07,0,0.3409,-0.0862,0.012,8.15E-13,0,0.3451,-0.0854,0.018,2.06E-06,0,T,1,0,1,41
rs10756907,9,17727065,17627065,17827065,17477065,17977065,SH3GL2,ENSG00000107295,SH3GL2,a,g,0.7666,-0.0926,0.011,5.06E-17,1.88E-14,5.06E-17,7.55E-06,7.08E-07,0,0.7692,-0.0924,0.0133,3.94E-12,0,0.7609,-0.093,0.0198,2.51E-06,0,T,1,0,1,41
rs6476434,9,34046391,33946391,34146391,33796391,34296391,UBAP2,ENSG00000137073,PRSS3,t,c,0.7336,-0.0615,0.0106,6.58E-09,6.56E-09,6.58E-09,2.74E-04,2.56E-04,0,0.7343,-0.0657,0.0128,2.56E-07,54.8,0.732,-0.0521,0.0191,6.35E-03,0,T,0,0,0,42
rs896435,10,15557406,15457406,15657406,15307406,15807406,ITGA8,ENSG00000077943,ITGA8,t,c,0.6892,0.0735,0.0101,3.41E-13,3.41E-13,1.39E-08,7.23E-11,7.71E-11,16.4,0.69,0.0658,0.0121,5.07E-08,0,0.6874,0.0915,0.0184,6.96E-07,20.1,T,1,0,0,43
rs10748818,10,104015279,103915279,104115279,103765279,104265279,GBF1,ENSG00000107862,CUEDC2,a,g,0.8514,-0.079,0.013,1.05E-09,1.23E-09,1.05E-09,7.47E-06,1.03E-05,0,0.8503,-0.079,0.0154,3.12E-07,64.4,0.8541,-0.0792,0.0238,8.83E-04,0,T,0,0,0,44
rs72840788,10,121415685,121315685,121515685,121165685,121665685,BAG3,ENSG00000151929,BAG3,a,g,0.2155,0.0763,0.0113,1.57E-11,7.66E-14,1.57E-11,6.71E-09,1.58E-07,0,0.2159,0.0743,0.0135,4.16E-08,0,0.2146,0.0812,0.0207,8.47E-05,11.4,T,1,0,1,45
rs117896735,10,121536327,121436327,121636327,121286327,121786327,INPP5F,ENSG00000198825,SEC23IP,a,g,0.0166,0.4354,0.0394,2.36E-28,1.22E-30,2.44E-10,2.85E-13,4.40E-11,41.9,0.0166,0.4823,0.0494,1.61E-22,0,0.0166,0.3531,0.0654,6.84E-08,44.2,T,1,0,1,45
rs7938782,11,10558777,10458777,10658777,10308777,10808777,RNF141,ENSG00000110315,RNF141,a,g,0.8776,0.087,0.0145,2.12E-09,1.97E-09,2.12E-09,2.17E-07,1.65E-07,0,0.8789,0.0898,0.0174,2.47E-07,0,0.8744,0.0805,0.0264,2.27E-03,0,T,0,0,0,46
rs12283611,11,83487277,83387277,83587277,83237277,83737277,DLG2,ENSG00000150672,,a,c,0.4148,-0.0645,0.0102,2.61E-10,2.56E-10,2.61E-10,4.33E-02,4.18E-02,0,0.4155,-0.0647,0.0116,2.71E-08,59,0.4127,-0.0642,0.0213,2.64E-03,0,T,1,0,0,47
rs3802920,11,133787001,133687001,133887001,133537001,134037001,IGSF9B,ENSG00000080854,IGSF9B,t,g,0.2054,0.1073,0.0117,6.26E-20,4.70E-20,6.26E-20,8.35E-09,1.11E-08,0,0.206,0.1077,0.014,1.42E-14,0,0.204,0.1065,0.0216,8.11E-07,0,T,1,0,0,48
rs76904798,12,40614434,40514434,40714434,40364434,40864434,LRRK2,ENSG00000188906,LRRK2,t,c,0.1444,0.1439,0.013,1.52E-28,4.28E-27,1.52E-28,6.17E-19,1.80E-16,0,0.1449,0.1389,0.0155,2.84E-19,0,0.1433,0.1555,0.0238,6.66E-11,0,T,1,0,1,49
rs34637584,12,40734202,40634202,40834202,40484202,40984202,LRRK2,ENSG00000188906,LRRK2,a,g,0.0015,2.4289,0.0937,3.61E-148,3.35E-119,3.61E-148,7.65E-47,1.06E-125,0,0.0012,2.4496,0.1142,5.60E-102,0,0.0021,2.3864,0.1637,4.04E-48,0,F,1,0,1,49
rs7134559,12,46419086,46319086,46519086,46169086,46669086,SCAF11,ENSG00000139218,,t,c,0.404,-0.0539,0.0098,3.96E-08,3.80E-08,1.84E-05,1.69E-02,5.43E-02,25.2,0.404,-0.0452,0.0118,1.34E-04,77.3,0.4041,-0.073,0.0176,3.19E-05,0,T,0,0,0,50
rs10847864,12,123326598,123226598,123426598,123076598,123576598,HIP1R,ENSG00000130787,HIP1R,t,g,0.364,0.1478,0.0115,1.47E-37,8.46E-38,1.05E-27,3.86E-27,9.52E-27,10.3,0.3687,0.1555,0.015,4.38E-25,0,0.3573,0.1367,0.018,3.10E-14,23,T,1,0,0,51
rs11610045,12,133063768,132963768,133163768,132813768,133313768,FBRSL1,ENSG00000112787,FBRSL1,a,g,0.4896,0.0601,0.0094,1.77E-10,1.62E-10,8.79E-07,3.57E-05,4.27E-05,19.5,0.4911,0.0537,0.0113,1.99E-06,47.7,0.4863,0.0746,0.017,1.22E-05,13.4,T,0,0,0,52
rs9568188,13,49927732,49827732,50027732,49677732,50177732,CAB39L,ENSG00000102547,CAB39L,t,c,0.7397,0.0617,0.0108,1.15E-08,1.11E-08,2.46E-04,4.29E-06,4.41E-06,21.4,0.7405,0.0657,0.013,4.00E-07,39.8,0.738,0.0526,0.0196,7.35E-03,22.3,T,0,0,0,53
rs4771268,13,97865021,97765021,97965021,97615021,98115021,MBNL2,ENSG00000139793,,t,c,0.2295,0.0675,0.0112,1.45E-09,1.67E-09,1.45E-09,1.41E-04,1.69E-04,0,0.2298,0.0656,0.0134,9.59E-07,27.8,0.229,0.0717,0.0201,3.74E-04,0,T,0,0,0,54
rs12147950,14,37989270,37889270,38089270,37739270,38239270,MIPOL1,ENSG00000151338,,t,c,0.4376,-0.0529,0.0096,3.54E-08,3.58E-08,3.54E-08,1.06E-03,8.72E-04,0,0.4377,-0.0451,0.0114,7.14E-05,0,0.4373,-0.0724,0.018,5.52E-05,0,T,0,0,0,55
rs11158026,14,55348869,55248869,55448869,55098869,55598869,GCH1,ENSG00000131979,GCH1,t,c,0.3245,-0.0842,0.0102,1.66E-16,1.52E-16,5.20E-05,3.48E-09,2.70E-09,56.7,0.3254,-0.0971,0.0123,3.52E-15,73.1,0.3226,-0.0561,0.0182,2.07E-03,50.1,T,1,0,0,56
rs3742785,14,75373034,75273034,75473034,75123034,75623034,RPS6KL1,ENSG00000198208,RPS6KL1,a,c,0.7866,0.0707,0.0118,1.92E-09,2.08E-09,8.18E-06,2.22E-06,1.44E-06,24.8,0.7872,0.0626,0.0141,9.46E-06,0,0.7853,0.0891,0.0213,2.85E-05,28.7,T,0,0,0,57
rs979812,14,88464264,88364264,88564264,88214264,88714264,GALC,ENSG00000054983,GALC,t,g,0.4421,0.061,0.0093,6.19E-11,5.41E-11,7.51E-05,1.07E-06,1.06E-06,27,0.4433,0.0685,0.0112,8.02E-10,0,0.4391,0.0435,0.017,1.07E-02,31.5,T,1,0,0,58
rs2251086,15,61997385,61897385,62097385,61747385,62247385,VPS13C,ENSG00000129003,,t,c,0.1417,-0.1186,0.0137,6.08E-18,4.85E-18,6.08E-18,1.90E-07,1.36E-07,0,0.1425,-0.1182,0.0164,6.34E-13,0,0.1397,-0.1197,0.0251,1.84E-06,11.2,T,1,0,0,59
rs6497339,16,19277493,19177493,19377493,19027493,19527493,SYT17,ENSG00000103528,SYT17,a,t,0.4536,0.063,0.0095,2.76E-11,3.32E-11,2.76E-11,1.78E-08,2.26E-08,0,0.4527,0.069,0.0112,8.11E-10,0,0.4558,0.0483,0.0175,5.83E-03,0,T,1,0,0,60
rs2904880,16,28944396,28844396,29044396,28694396,29194396,CD19,ENSG00000177455,NFATC2IP,c,g,0.3094,-0.065,0.0106,7.87E-10,8.68E-10,7.87E-10,1.39E-05,1.42E-05,0,0.3102,-0.0728,0.0128,1.35E-08,0,0.3076,-0.0483,0.0187,9.60E-03,0,T,0,0,0,61
rs11150601,16,30977799,30877799,31077799,30727799,31227799,SETD1A,ENSG00000099381,SETD1A,a,g,0.6442,0.0907,0.0099,5.12E-20,5.12E-20,2.17E-13,3.00E-07,2.94E-07,17.3,0.6442,0.0799,0.0119,1.82E-11,0,0.6441,0.1151,0.0179,1.20E-10,17.7,T,1,0,0,62
rs6500328,16,50736656,50636656,50836656,50486656,50986656,NOD2,ENSG00000167207,NOD2,a,g,0.5985,0.0586,0.0097,1.82E-09,1.53E-09,1.82E-09,1.43E-03,1.47E-03,0,0.5991,0.0525,0.0117,7.02E-06,0,0.5972,0.0727,0.0177,3.99E-05,0,T,0,0,0,63
rs3104783,16,52636242,52536242,52736242,52386242,52886242,CASC16,ENSG00000249231,CYLD,a,c,0.4343,0.0668,0.0094,1.29E-12,2.86E-12,1.30E-11,4.80E-06,3.22E-06,2.7,0.4357,0.0677,0.0113,1.88E-09,41.1,0.431,0.0647,0.0171,1.59E-04,0.1,T,1,0,0,64
rs10221156,16,52969426,52869426,53069426,52719426,53219426,CHD9,ENSG00000177200,CYLD,a,g,0.0932,-0.1156,0.0179,1.08E-10,2.55E-10,7.83E-08,2.37E-03,1.40E-03,13.5,0.0928,-0.1095,0.0218,5.03E-07,1.2,0.0939,-0.1281,0.0314,4.50E-05,20.8,T,1,0,0,65
rs12600861,17,7355621,7255621,7455621,7105621,7605621,CHRNB1,ENSG00000170175,CHRNB1,a,c,0.6484,-0.0565,0.0099,1.01E-08,1.15E-08,1.01E-08,5.10E-03,5.34E-03,0,0.6496,-0.0596,0.0119,5.15E-07,23.4,0.6459,-0.0496,0.0177,5.12E-03,0,T,0,0,0,66
rs12951632,17,40741013,40641013,40841013,40491013,40991013,RETREG3,ENSG00000141699,RETREG3,t,c,0.7349,0.0642,0.0106,1.40E-09,1.39E-09,1.40E-09,8.17E-05,1.10E-04,0,0.7376,0.0647,0.0127,3.77E-07,0,0.7289,0.063,0.0191,9.77E-04,0,T,1,0,0,67
rs2269906,17,42294337,42194337,42394337,42044337,42544337,UBTF,ENSG00000108312,UBTF,a,c,0.6531,0.0631,0.0102,6.24E-10,8.63E-09,6.24E-10,1.17E-05,7.17E-07,0,0.652,0.0594,0.0123,1.40E-06,0,0.6555,0.0711,0.0182,9.44E-05,0,T,0,0,1,68
rs850738,17,42434630,42334630,42534630,42184630,42684630,FAM171A2,ENSG00000161682,GRN,a,g,0.6056,-0.071,0.0105,1.29E-11,3.55E-10,2.17E-07,4.18E-04,7.76E-06,17,0.606,-0.0679,0.013,1.80E-07,0,0.6047,-0.0769,0.0178,1.47E-05,23.9,T,0,0,1,68
rs62053943,17,43744203,43644203,43844203,43494203,43994203,CRHR1,ENSG00000120088,WNT3,t,c,0.1552,-0.27,0.0155,3.58E-68,1.12E-186,1.73E-17,3.78E-07,3.06E-29,50.3,0.1588,-0.2738,0.0187,8.80E-49,84.5,0.1473,-0.2617,0.0277,3.79E-21,30.1,T,1,0,1,69
rs117615688,17,43798308,43698308,43898308,43548308,44048308,CRHR1,ENSG00000120088,WNT3,a,g,0.067,-0.2324,0.0288,6.71E-16,2.90E-93,5.92E-06,1.14E-08,2.53E-23,61.2,0.0648,-0.1893,0.0415,5.04E-06,94.5,0.0691,-0.2722,0.0399,9.33E-12,24.6,T,1,0,1,69
rs11658976,17,44866805,44766805,44966805,44616805,45116805,WNT3,ENSG00000108379,WNT3,a,g,0.5802,-0.0624,0.0113,3.52E-08,1.21E-16,3.52E-08,7.86E-01,2.39E-03,0,0.5712,-0.0656,0.0136,1.53E-06,0,0.6,-0.0553,0.0202,6.30E-03,0,T,1,0,0,70
rs61169879,17,59917366,59817366,60017366,59667366,60167366,BRIP1,ENSG00000136492,MED13,t,c,0.1641,0.082,0.0134,9.28E-10,9.40E-10,6.21E-06,9.07E-07,2.05E-06,16.4,0.1641,0.0849,0.0163,1.90E-07,0,0.1641,0.0761,0.0236,1.24E-03,23.7,T,0,0,0,71
rs666463,17,76425480,76325480,76525480,76175480,76675480,DNAH17,ENSG00000187775,DNAH17,a,t,0.8328,0.076,0.0128,3.20E-09,2.90E-09,4.17E-04,1.62E-05,1.65E-05,41,0.8339,0.0711,0.0155,4.32E-06,0,0.8303,0.0871,0.0231,1.58E-04,49.2,T,0,0,0,72
rs1941685,18,31304318,31204318,31404318,31054318,31554318,ASXL3,ENSG00000141431,,t,g,0.4983,0.0531,0.0094,1.69E-08,1.61E-08,1.69E-08,1.64E-08,1.60E-08,0,0.4978,0.0507,0.0113,6.82E-06,0,0.4995,0.0586,0.0171,6.15E-04,14.3,T,0,0,0,73
rs12456492,18,40673380,40573380,40773380,40423380,40923380,RIT2,ENSG00000152214,,a,g,0.6816,-0.0983,0.0099,3.80E-23,3.11E-23,3.80E-23,4.39E-14,4.82E-14,0,0.6831,-0.0988,0.0119,8.86E-17,0,0.6782,-0.0972,0.018,7.28E-08,0,T,1,0,0,74
rs8087969,18,48683589,48583589,48783589,48433589,48933589,MEX3C,ENSG00000176624,MEX3C,t,g,0.5496,-0.0578,0.0102,1.41E-08,1.46E-08,1.41E-08,1.09E-04,1.16E-04,0,0.5492,-0.0533,0.0124,1.72E-05,0,0.5505,-0.0671,0.0179,1.74E-04,3.7,T,0,0,0,75
rs55818311,19,2341047,2241047,2441047,2091047,2591047,SPPL2B,ENSG00000005206,,t,c,0.6937,-0.0696,0.0111,4.18E-10,3.61E-10,5.11E-05,2.09E-03,2.01E-03,22.7,0.7002,-0.0812,0.0132,6.79E-10,36.5,0.6773,-0.0402,0.021,5.52E-02,11.2,T,1,0,0,76
rs77351827,20,6006041,5906041,6106041,5756041,6256041,CRLS1,ENSG00000088766,,t,c,0.1275,0.0802,0.0139,8.87E-09,7.94E-09,4.38E-07,1.84E-05,2.36E-05,11.2,0.1291,0.0635,0.0166,1.36E-04,5.3,0.1236,0.1193,0.0255,2.92E-06,0,T,0,0,0,77
rs2248244,21,38852361,38752361,38952361,38602361,39102361,DYRK1A,ENSG00000157540,DYRK1A,a,g,0.2828,0.0714,0.0107,2.74E-11,2.51E-11,8.78E-06,6.31E-05,6.36E-05,34.3,0.281,0.0664,0.013,3.04E-07,0,0.2867,0.0823,0.0191,1.60E-05,43.9,T,0,0,0,78
rs1450522,3,161077630,160977630,161177630,160827630,161327630,NMD3,ENSG00000169251,,a,g,0.6742,-0.0616,0.0099,5.01E-10,4.90E-10,2.27E-05,3.51E-04,3.69E-04,24.6,0.6727,-0.0611,0.0118,2.40E-07,0,0.6777,-0.0627,0.0181,5.34E-04,33.5,T,0,0,0,17
rs34025766,4,17968811,17868811,18068811,17718811,18218811,DCAF16,ENSG00000163257,,a,t,0.1589,-0.0839,0.0133,2.87E-10,2.82E-10,2.87E-10,7.43E-06,3.55E-06,0,0.1575,-0.0724,0.0162,7.42E-06,52.7,0.162,-0.1082,0.0235,4.02E-06,0,T,0,0,0,21
rs62333164,4,170583157,170483157,170683157,170333157,170833157,NEK1,ENSG00000137601,,a,g,0.3264,-0.0638,0.01,2.00E-10,1.77E-10,2.17E-05,5.10E-05,5.39E-05,21.3,0.3252,-0.0743,0.012,6.13E-10,41.5,0.3293,-0.0396,0.0182,3.00E-02,9.6,T,0,0,0,25
rs11950533,5,134199105,134099105,134299105,133949105,134449105,TXNDC15,ENSG00000113621,,a,c,0.102,-0.0916,0.0158,7.16E-09,6.73E-09,2.68E-08,5.08E-04,4.22E-04,1.9,0.1008,-0.0986,0.019,2.05E-07,43.8,0.1048,-0.0756,0.0287,8.39E-03,0,T,0,0,0,28
rs76949143,7,66009851,65909851,66109851,65759851,66259851,LINC00174,ENSG00000179406,,a,t,0.0507,-0.1432,0.0253,1.43E-08,1.51E-08,2.04E-06,5.47E-09,2.24E-09,12.3,0.0484,-0.1395,0.0313,8.45E-06,75,0.0549,-0.1501,0.0427,4.39E-04,0,T,0,0,0,36
rs6476434,9,34046391,33946391,34146391,33796391,34296391,PRSS3,ENSG00000010438,,t,c,0.7336,-0.0615,0.0106,6.58E-09,6.56E-09,6.58E-09,2.74E-04,2.56E-04,0,0.7343,-0.0657,0.0128,2.56E-07,54.8,0.732,-0.0521,0.0191,6.35E-03,0,T,0,0,0,42
rs117896735,10,121536327,121436327,121636327,121286327,121786327,SEC23IP,ENSG00000107651,,a,g,0.0166,0.4354,0.0394,2.36E-28,1.22E-30,2.44E-10,2.85E-13,4.40E-11,41.9,0.0166,0.4823,0.0494,1.61E-22,0,0.0166,0.3531,0.0654,6.84E-08,44.2,T,1,0,1,45
rs2904880,16,28944396,28844396,29044396,28694396,29194396,NFATC2IP,ENSG00000176953,,c,g,0.3094,-0.065,0.0106,7.87E-10,8.68E-10,7.87E-10,1.39E-05,1.42E-05,0,0.3102,-0.0728,0.0128,1.35E-08,0,0.3076,-0.0483,0.0187,9.60E-03,0,T,0,0,0,61
rs3104783,16,52636242,52536242,52736242,52386242,52886242,CYLD,ENSG00000083799,,a,c,0.4343,0.0668,0.0094,1.29E-12,2.86E-12,1.30E-11,4.80E-06,3.22E-06,2.7,0.4357,0.0677,0.0113,1.88E-09,41.1,0.431,0.0647,0.0171,1.59E-04,0.1,T,1,0,0,64
rs10221156,16,52969426,52869426,53069426,52719426,53219426,CYLD,ENSG00000083799,,a,g,0.0932,-0.1156,0.0179,1.08E-10,2.55E-10,7.83E-08,2.37E-03,1.40E-03,13.5,0.0928,-0.1095,0.0218,5.03E-07,1.2,0.0939,-0.1281,0.0314,4.50E-05,20.8,T,1,0,0,65
rs850738,17,42434630,42334630,42534630,42184630,42684630,GRN,ENSG00000030582,,a,g,0.6056,-0.071,0.0105,1.29E-11,3.55E-10,2.17E-07,4.18E-04,7.76E-06,17,0.606,-0.0679,0.013,1.80E-07,0,0.6047,-0.0769,0.0178,1.47E-05,23.9,T,0,0,1,68
rs61169879,17,59917366,59817366,60017366,59667366,60167366,MED13,ENSG00000108510,,t,c,0.1641,0.082,0.0134,9.28E-10,9.40E-10,6.21E-06,9.07E-07,2.05E-06,16.4,0.1641,0.0849,0.0163,1.90E-07,0,0.1641,0.0761,0.0236,1.24E-03,23.7,T,0,0,0,71