"Trait","GenomicLocus","ensg","symbol","IndSigSNPs","UniqID","Chr","Pos","chr.pos","Geno"
"Menarche",1,"ENSG00000158711","ELK4","rs4245718","X1.205652472",1,205652472,"1:205652472","X1.205652472.G.A_A"
"Menarche",1,"ENSG00000069275","NUCKS1","rs4245718","X1.205652472",1,205652472,"1:205652472","X1.205652472.G.A_A"
"Menarche",1,"ENSG00000117280","RAB7L1","rs4245718","X1.205652472",1,205652472,"1:205652472","X1.205652472.G.A_A"
"Menarche",1,"ENSG00000174502","SLC26A9","rs4245718","X1.205652472",1,205652472,"1:205652472","X1.205652472.G.A_A"
"Menarche",1,"ENSG00000133065","SLC41A1","rs4245718","X1.205652472",1,205652472,"1:205652472","X1.205652472.G.A_A"
"Menarche",1,"ENSG00000158715","SLC45A3","rs4245718","X1.205652472",1,205652472,"1:205652472","X1.205652472.G.A_A"
"Menarche",1,"ENSG00000158711","ELK4","rs7522056","X1.205735891",1,205735891,"1:205735891","X1.205735891.G.A_A"
"Menarche",1,"ENSG00000069275","NUCKS1","rs7522056","X1.205735891",1,205735891,"1:205735891","X1.205735891.G.A_A"
"Menarche",1,"ENSG00000117280","RAB7L1","rs7522056","X1.205735891",1,205735891,"1:205735891","X1.205735891.G.A_A"
"Menarche",1,"ENSG00000174502","SLC26A9","rs7522056","X1.205735891",1,205735891,"1:205735891","X1.205735891.G.A_A"
"Menarche",1,"ENSG00000133065","SLC41A1","rs7522056","X1.205735891",1,205735891,"1:205735891","X1.205735891.G.A_A"
"Menarche",1,"ENSG00000158715","SLC45A3","rs7522056","X1.205735891",1,205735891,"1:205735891","X1.205735891.G.A_A"
"Menarche",1,"ENSG00000158711","ELK4","rs708723","X1.205739266.C.T",1,205739266,"1:205739266","X1.205739266.C.T_C"
"Menarche",1,"ENSG00000069275","NUCKS1","rs708723","X1.205739266.C.T",1,205739266,"1:205739266","X1.205739266.C.T_C"
"Menarche",1,"ENSG00000117280","RAB7L1","rs708723","X1.205739266.C.T",1,205739266,"1:205739266","X1.205739266.C.T_C"
"Menarche",1,"ENSG00000174502","SLC26A9","rs708723","X1.205739266.C.T",1,205739266,"1:205739266","X1.205739266.C.T_C"
"Menarche",1,"ENSG00000133065","SLC41A1","rs708723","X1.205739266.C.T",1,205739266,"1:205739266","X1.205739266.C.T_C"
"Menarche",1,"ENSG00000158715","SLC45A3","rs708723","X1.205739266.C.T",1,205739266,"1:205739266","X1.205739266.C.T_C"
"Menarche",2,"ENSG00000117020","AKT3","rs3006936","X1.243674772",1,243674772,"1:243674772","X1.243674772.A.G_G"
"Menarche",2,"ENSG00000143702","CEP170","rs3006936","X1.243674772",1,243674772,"1:243674772","X1.243674772.A.G_G"
"Menarche",2,"ENSG00000054282","SDCCAG8","rs3006936","X1.243674772",1,243674772,"1:243674772","X1.243674772.A.G_G"
"Menarche",2,"ENSG00000035687","ADSS","rs1352162","X1.243717682.A.G",1,243717682,"1:243717682","X1.243717682.A.G_A"
"Menarche",2,"ENSG00000117020","AKT3","rs1352162","X1.243717682.A.G",1,243717682,"1:243717682","X1.243717682.A.G_A"
"Menarche",2,"ENSG00000179397","C1orf101","rs1352162","X1.243717682.A.G",1,243717682,"1:243717682","X1.243717682.A.G_A"
"Menarche",2,"ENSG00000143702","CEP170","rs1352162","X1.243717682.A.G",1,243717682,"1:243717682","X1.243717682.A.G_A"
"Menarche",2,"ENSG00000054282","SDCCAG8","rs1352162","X1.243717682.A.G",1,243717682,"1:243717682","X1.243717682.A.G_A"
"Menarche",2,"ENSG00000179456","ZBTB18","rs1352162","X1.243717682.A.G",1,243717682,"1:243717682","X1.243717682.A.G_A"
"Menarche",5,"ENSG00000197771","MCMBP","rs11199075","X10.121462047",10,121462047,"10:121462047","X10.121462047.G.A_A"
"Menarche",5,"ENSG00000151923","TIAL1","rs11199075","X10.121462047",10,121462047,"10:121462047","X10.121462047.G.A_A"
"Menarche",5,"ENSG00000198825","INPP5F","rs12571664","X10.121708929.C.T",10,121708929,"10:121708929","X10.121708929.T.C_C"
"Menarche",5,"ENSG00000197771","MCMBP","rs12571664","X10.121708929.C.T",10,121708929,"10:121708929","X10.121708929.T.C_C"
"Menarche",4,"ENSG00000204267","TAP2","rs12571664","X10.121708929.C.T",10,121708929,"10:121708929","X10.121708929.T.C_C"
"Menarche",5,"ENSG00000151923","TIAL1","rs12571664","X10.121708929.C.T",10,121708929,"10:121708929","X10.121708929.T.C_C"
"Menopause",4,"ENSG00000150967","ABCB9","rs7953894","X12.123404966.A.C",12,123404966,"12:123404966","X12.123404966.C.A_A"
"Menopause",3,"ENSG00000111875","ASF1A","rs7953894","X12.123404966.A.C",12,123404966,"12:123404966","X12.123404966.C.A_A"
"Menopause",4,"ENSG00000185344","ATP6V0A2","rs7953894","X12.123404966.A.C",12,123404966,"12:123404966","X12.123404966.C.A_A"
"Menopause",4,"ENSG00000111364","DDX55","rs7953894","X12.123404966.A.C",12,123404966,"12:123404966","X12.123404966.C.A_A"
"Menopause",4,"ENSG00000150977","RILPL2","rs7953894","X12.123404966.A.C",12,123404966,"12:123404966","X12.123404966.C.A_A"
"Menopause",4,"ENSG00000139697","SBNO1","rs7953894","X12.123404966.A.C",12,123404966,"12:123404966","X12.123404966.C.A_A"
"Menopause",4,"ENSG00000183955","SETD8","rs7953894","X12.123404966.A.C",12,123404966,"12:123404966","X12.123404966.C.A_A"
"Menarche",6,"ENSG00000110888","CAPRIN2","rs10843831","X12.30895251.C.T",12,30895251,"12:30895251","X12.30895251.T.C_C"
"Menarche",6,"ENSG00000087502","ERGIC2","rs10843831","X12.30895251.C.T",12,30895251,"12:30895251","X12.30895251.T.C_C"
"Menarche",6,"ENSG00000133704","IPO8","rs10843831","X12.30895251.C.T",12,30895251,"12:30895251","X12.30895251.T.C_C"
"Menarche",6,"ENSG00000187950","OVCH1","rs10843831","X12.30895251.C.T",12,30895251,"12:30895251","X12.30895251.T.C_C"
"Menarche",6,"ENSG00000257599","OVCH1-AS1","rs10843831","X12.30895251.C.T",12,30895251,"12:30895251","X12.30895251.T.C_C"
"Menarche",5,"ENSG00000107651","SEC23IP","rs10843831","X12.30895251.C.T",12,30895251,"12:30895251","X12.30895251.T.C_C"
"Menarche",7,"ENSG00000170425","ADORA2B","rs178830","X17.16081958.C.T",17,16081958,"17:16081958","X17.16081958.C.T_T"
"Menarche",7,"ENSG00000166582","CENPV","rs178830","X17.16081958.C.T",17,16081958,"17:16081958","X17.16081958.C.T_T"
"Menarche",7,"ENSG00000141027","NCOR1","rs178830","X17.16081958.C.T",17,16081958,"17:16081958","X17.16081958.C.T_T"
"Menarche",7,"ENSG00000108474","PIGL","rs178830","X17.16081958.C.T",17,16081958,"17:16081958","X17.16081958.C.T_T"
"Menarche",7,"ENSG00000187688","TRPV2","rs178830","X17.16081958.C.T",17,16081958,"17:16081958","X17.16081958.C.T_T"
"Menarche",6,"ENSG00000110900","TSPAN11","rs178830","X17.16081958.C.T",17,16081958,"17:16081958","X17.16081958.C.T_T"
"Menarche",7,"ENSG00000011295","TTC19","rs178830","X17.16081958.C.T",17,16081958,"17:16081958","X17.16081958.C.T_T"
"Menarche",7,"ENSG00000170315","UBB","rs178830","X17.16081958.C.T",17,16081958,"17:16081958","X17.16081958.C.T_T"
"Menarche",7,"ENSG00000214941","ZSWIM7","rs178830","X17.16081958.C.T",17,16081958,"17:16081958","X17.16081958.C.T_T"
"Menopause",1,"ENSG00000143994","ABHD1","rs780104","X2.27677691.A.G",2,27677691,"2:27677691","X2.27677691.G.A_A"
"Menopause",1,"ENSG00000138085","ATRAID","rs780104","X2.27677691.A.G",2,27677691,"2:27677691","X2.27677691.G.A_A"
"Menopause",1,"ENSG00000176714","CCDC121","rs780104","X2.27677691.A.G",2,27677691,"2:27677691","X2.27677691.G.A_A"
"Menarche",7,"ENSG00000170160","CCDC144A","rs780104","X2.27677691.A.G",2,27677691,"2:27677691","X2.27677691.G.A_A"
"Menopause",1,"ENSG00000138028","CGREF1","rs780104","X2.27677691.A.G",2,27677691,"2:27677691","X2.27677691.G.A_A"
"Menopause",1,"ENSG00000157851","DPYSL5","rs780104","X2.27677691.A.G",2,27677691,"2:27677691","X2.27677691.G.A_A"
"Menopause",1,"ENSG00000115211","EIF2B4","rs780104","X2.27677691.A.G",2,27677691,"2:27677691","X2.27677691.G.A_A"
"Menopause",1,"ENSG00000138080","EMILIN1","rs780104","X2.27677691.A.G",2,27677691,"2:27677691","X2.27677691.G.A_A"
"Menopause",1,"ENSG00000115226","FNDC4","rs780104","X2.27677691.A.G",2,27677691,"2:27677691","X2.27677691.G.A_A"
"Menopause",1,"ENSG00000084734","GCKR","rs780104","X2.27677691.A.G",2,27677691,"2:27677691","X2.27677691.G.A_A"
"Menopause",1,"ENSG00000198522","GPN1","rs780104","X2.27677691.A.G",2,27677691,"2:27677691","X2.27677691.G.A_A"
"Menopause",1,"ENSG00000115207","GTF3C2","rs780104","X2.27677691.A.G",2,27677691,"2:27677691","X2.27677691.G.A_A"
"Menopause",1,"ENSG00000138002","IFT172","rs780104","X2.27677691.A.G",2,27677691,"2:27677691","X2.27677691.G.A_A"
"Menopause",1,"ENSG00000138030","KHK","rs780104","X2.27677691.A.G",2,27677691,"2:27677691","X2.27677691.G.A_A"
"Menopause",1,"ENSG00000115204","MPV17","rs780104","X2.27677691.A.G",2,27677691,"2:27677691","X2.27677691.G.A_A"
"Menopause",1,"ENSG00000115216","NRBP1","rs780104","X2.27677691.A.G",2,27677691,"2:27677691","X2.27677691.G.A_A"
"Menopause",1,"ENSG00000228474","OST4","rs780104","X2.27677691.A.G",2,27677691,"2:27677691","X2.27677691.G.A_A"
"Menopause",1,"ENSG00000115241","PPM1G","rs780104","X2.27677691.A.G",2,27677691,"2:27677691","X2.27677691.G.A_A"
"Menopause",1,"ENSG00000138073","PREB","rs780104","X2.27677691.A.G",2,27677691,"2:27677691","X2.27677691.G.A_A"
"Menopause",1,"ENSG00000163798","SLC4A1AP","rs780104","X2.27677691.A.G",2,27677691,"2:27677691","X2.27677691.G.A_A"
"Menopause",1,"ENSG00000138074","SLC5A6","rs780104","X2.27677691.A.G",2,27677691,"2:27677691","X2.27677691.G.A_A"
"Menopause",1,"ENSG00000115234","SNX17","rs780104","X2.27677691.A.G",2,27677691,"2:27677691","X2.27677691.G.A_A"
"Menopause",1,"ENSG00000119760","SUPT7L","rs780104","X2.27677691.A.G",2,27677691,"2:27677691","X2.27677691.G.A_A"
"Menopause",1,"ENSG00000119777","TMEM214","rs780104","X2.27677691.A.G",2,27677691,"2:27677691","X2.27677691.G.A_A"
"Menopause",1,"ENSG00000138100","TRIM54","rs780104","X2.27677691.A.G",2,27677691,"2:27677691","X2.27677691.G.A_A"
"Menopause",1,"ENSG00000243943","ZNF512","rs780104","X2.27677691.A.G",2,27677691,"2:27677691","X2.27677691.G.A_A"
"Menopause",1,"ENSG00000163795","ZNF513","rs780104","X2.27677691.A.G",2,27677691,"2:27677691","X2.27677691.G.A_A"
"Menopause",1,"ENSG00000084774","CAD","rs780094","X2.27741237",2,27741237,"2:27741237","X2.27741237.T.C_T"
"Menopause",1,"ENSG00000115211","EIF2B4","rs780094","X2.27741237",2,27741237,"2:27741237","X2.27741237.T.C_T"
"Menopause",1,"ENSG00000115226","FNDC4","rs780094","X2.27741237",2,27741237,"2:27741237","X2.27741237.T.C_T"
"Menopause",1,"ENSG00000115204","MPV17","rs780094","X2.27741237",2,27741237,"2:27741237","X2.27741237.T.C_T"
"Menopause",1,"ENSG00000115216","NRBP1","rs780094","X2.27741237",2,27741237,"2:27741237","X2.27741237.T.C_T"
"Menopause",1,"ENSG00000115241","PPM1G","rs780094","X2.27741237",2,27741237,"2:27741237","X2.27741237.T.C_T"
"Menopause",1,"ENSG00000119760","SUPT7L","rs780094","X2.27741237",2,27741237,"2:27741237","X2.27741237.T.C_T"
"Menopause",1,"ENSG00000163795","ZNF513","rs780094","X2.27741237",2,27741237,"2:27741237","X2.27741237.T.C_T"
"Menopause",2,"ENSG00000206535","LNP1","rs905604","X3.100472848.C.T",3,100472848,"3:100472848","X3.100472848.T.C_C"
"Menopause",2,"ENSG00000114021","NIT2","rs905604","X3.100472848.C.T",3,100472848,"3:100472848","X3.100472848.T.C_C"
"Menopause",1,"ENSG00000213639","PPP1CB","rs905604","X3.100472848.C.T",3,100472848,"3:100472848","X3.100472848.T.C_C"
"Menopause",2,"ENSG00000114354","TFG","rs905604","X3.100472848.C.T",3,100472848,"3:100472848","X3.100472848.T.C_C"
"Menopause",2,"ENSG00000154174","TOMM70A","rs905604","X3.100472848.C.T",3,100472848,"3:100472848","X3.100472848.T.C_C"
"Menarche",3,"ENSG00000114770","ABCC5","rs843351","X3.183980416.C.T",3,183980416,"3:183980416","X3.183980416.T.C_T"
"Menarche",3,"ENSG00000161204","ABCF3","rs843351","X3.183980416.C.T",3,183980416,"3:183980416","X3.183980416.T.C_T"
"Menarche",3,"ENSG00000161203","AP2M1","rs843351","X3.183980416.C.T",3,183980416,"3:183980416","X3.183980416.T.C_T"
"Menarche",3,"ENSG00000163888","CAMK2N2","rs843351","X3.183980416.C.T",3,183980416,"3:183980416","X3.183980416.T.C_T"
"Menarche",3,"ENSG00000161202","DVL3","rs843351","X3.183980416.C.T",3,183980416,"3:183980416","X3.183980416.T.C_T"
"Menarche",3,"ENSG00000145194","ECE2","rs843351","X3.183980416.C.T",3,183980416,"3:183980416","X3.183980416.T.C_T"
"Menarche",2,"ENSG00000203666","EFCAB2","rs843351","X3.183980416.C.T",3,183980416,"3:183980416","X3.183980416.T.C_T"
"Menarche",3,"ENSG00000145191","EIF2B5","rs843351","X3.183980416.C.T",3,183980416,"3:183980416","X3.183980416.T.C_T"
"Menarche",3,"ENSG00000078070","MCCC1","rs843351","X3.183980416.C.T",3,183980416,"3:183980416","X3.183980416.T.C_T"
"Menarche",3,"ENSG00000145198","VWA5B2","rs843351","X3.183980416.C.T",3,183980416,"3:183980416","X3.183980416.T.C_T"
"Menopause",2,"ENSG00000154175","ABI3BP","rs6932585","X6.119143549.C.T",6,119143549,"6:119143549","X6.119143549.T.C_T"
"Menopause",3,"ENSG00000111860","CEP85L","rs6932585","X6.119143549.C.T",6,119143549,"6:119143549","X6.119143549.T.C_T"
"Menopause",3,"ENSG00000111877","MCM9","rs6932585","X6.119143549.C.T",6,119143549,"6:119143549","X6.119143549.T.C_T"
"Menarche",4,"ENSG00000204463","BAG6","rs6910071","X6.32282854",6,32282854,"6:32282854","X6.32282854.A.G_G"
"Menarche",4,"ENSG00000244731","C4A","rs6910071","X6.32282854",6,32282854,"6:32282854","X6.32282854.A.G_G"
"Menarche",3,"ENSG00000114867","EIF4G1","rs6910071","X6.32282854",6,32282854,"6:32282854","X6.32282854.A.G_G"
"Menarche",4,"ENSG00000196735","HLA-DQA1","rs6910071","X6.32282854",6,32282854,"6:32282854","X6.32282854.A.G_G"
"Menarche",4,"ENSG00000179344","HLA-DQB1","rs6910071","X6.32282854",6,32282854,"6:32282854","X6.32282854.A.G_G"
"Menarche",4,"ENSG00000196126","HLA-DRB1","rs6910071","X6.32282854",6,32282854,"6:32282854","X6.32282854.A.G_G"
"Menarche",4,"ENSG00000204463","BAG6","rs660895","X6.32577380.A.G",6,32577380,"6:32577380","X6.32577380.A.G_G"
"Menarche",4,"ENSG00000204420","C6orf25","rs660895","X6.32577380.A.G",6,32577380,"6:32577380","X6.32577380.A.G_G"
"Menarche",4,"ENSG00000204348","DXO","rs660895","X6.32577380.A.G",6,32577380,"6:32577380","X6.32577380.A.G_G"
"Menarche",3,"ENSG00000114867","EIF4G1","rs660895","X6.32577380.A.G",6,32577380,"6:32577380","X6.32577380.A.G_G"
"Menarche",4,"ENSG00000196735","HLA-DQA1","rs660895","X6.32577380.A.G",6,32577380,"6:32577380","X6.32577380.A.G_G"
"Menarche",4,"ENSG00000179344","HLA-DQB1","rs660895","X6.32577380.A.G",6,32577380,"6:32577380","X6.32577380.A.G_G"
"Menarche",4,"ENSG00000196126","HLA-DRB1","rs660895","X6.32577380.A.G",6,32577380,"6:32577380","X6.32577380.A.G_G"
"Menarche",4,"ENSG00000240053","LY6G5B","rs660895","X6.32577380.A.G",6,32577380,"6:32577380","X6.32577380.A.G_G"
"Menarche",4,"ENSG00000204344","STK19","rs660895","X6.32577380.A.G",6,32577380,"6:32577380","X6.32577380.A.G_G"
